question_id,tag_id
4886,1679
4886,1722
4887,1679
4888,1679
4888,1682
4888,1828
4888,1724
4888,1803
4889,1699
4889,1679
4889,1722
4890,1679
4891,1679
4891,1682
4891,1829
4891,1718
4892,1698
4892,1679
4893,1681
4893,1679
4893,1682
4894,1756
4894,1679
4894,1682
4895,1679
4895,1682
4896,1717
4896,1679
4897,1679
4897,1827
4898,1699
4898,1830
4898,1831
4898,1679
4898,1683
4899,1699
4899,1679
4899,1708
4899,1683
4899,1722
4900,1679
4900,1832
4900,1741
4901,1679
4901,1736
4902,1679
4902,1682
4902,1833
4903,1834
4903,1679
4903,1835
4904,1679
4904,1682
4905,1685
4905,1836
4905,1679
4906,1837
4906,1679
4906,1682
4906,1754
4906,1838
4907,1679
4907,1684
4908,1679
4908,1839
4908,1684
4909,1721
4909,1679
4910,1728
4910,1679
4910,1682
4911,1695
4911,1679
4911,1682
4912,1699
4912,1706
4912,1679
4912,1840
4913,1841
4913,1679
4914,1679
4914,1842
4915,1717
4915,1843
4915,1679
4915,1844
4915,1845
4916,1679
4916,1827
4917,1685
4917,1681
4917,1679
4917,1683
4918,1679
4918,1846
4919,1847
4919,1679
4919,1848
4919,1827
4920,1685
4920,1679
4920,1682
4920,1683
4921,1695
4921,1717
4921,1679
4922,1679
4922,1682
4922,1684
4923,1849
4923,1837
4923,1679
4923,1850
4924,1679
4924,1684
4925,1681
4925,1679
4926,1721
4926,1679
4926,1851
4926,1722
4927,1742
4927,1852
4927,1679
4928,1679
4928,1853
4929,1679
4929,1682
4930,1751
4930,1679
4930,1854
4931,1679
4931,1689
4931,1855
4932,1679
4932,1682
4933,1856
4933,1679
4933,1805
4933,1857
4933,1723
4934,1679
4934,1827
4934,1858
4935,1679
4935,1682
4935,1683
4935,1859
4936,1699
4936,1679
4936,1722
4937,1756
4937,1679
4938,1679
4938,1682
4939,1849
4939,1837
4939,1679
4939,1682
4939,1838
4940,1685
4940,1860
4940,1679
4940,1767
4940,1861
4941,1679
4941,1682
4942,1679
4942,1691
4942,1682
4942,1862
4943,1679
4943,1827
4944,1679
4945,1681
4945,1679
4946,1679
4946,1863
4947,1679
4947,1691
4947,1806
4947,1684
4947,1687
4948,1699
4948,1679
4949,1679
4950,1679
4950,1722
4951,1679
4951,1682
4952,1679
4953,1679
4954,1679
4954,1718
4955,1679
4956,1679
4957,1679
4957,1864
4957,1682
4958,1679
4958,1682
4959,1751
4959,1679
4959,1691
4960,1695
4960,1679
4960,1763
4960,1718
4961,1745
4961,1751
4961,1697
4961,1679
4961,1798
4962,1679
4963,1679
4963,1801
4963,1720
4964,1791
4964,1679
4964,1865
4964,1866
4965,1686
4965,1679
4965,1718
4965,1867
4966,1679
4966,1718
4967,1679
4968,1679
4968,1682
4968,1683
4969,1679
4969,1691
4970,1679
4970,1682
4971,1679
4971,1682
4972,1679
4973,1679
4973,1682
4974,1679
4974,1682
4974,1868
4974,1869
4975,1679
4976,1870
4976,1681
4976,1679
4976,1871
4976,1682
4977,1679
4977,1682
4978,1813
4978,1872
4978,1679
4978,1691
4978,1806
4979,1784
4979,1681
4979,1679
4979,1682
4979,1873
4980,1679
4980,1684
4981,1679
4981,1684
4981,1874
4982,1679
4982,1682
4982,1875
4982,1684
4982,1876
4983,1679
4983,1691
4983,1820
4984,1679
4984,1733
4984,1682
4984,1754
4985,1686
4985,1679
4986,1679
4986,1718
4987,1699
4987,1770
4987,1679
4988,1679
4988,1877
4988,1724
4989,1679
4989,1682
4989,1878
4989,1879
4990,1717
4990,1752
4990,1679
4990,1754
4991,1679
4991,1718
4991,1779
4992,1679
4992,1682
4993,1880
4993,1679
4993,1881
4994,1679
4994,1842
4995,1679
4995,1682
4995,1788
4995,1683
4996,1882
4996,1679
4996,1883
4997,1679
4997,1682
4998,1679
4998,1682
4999,1679
4999,1682
5000,1695
5000,1717
5000,1686
5000,1679
5000,1682
5001,1679
5001,1884
5002,1679
5002,1682
5002,1885
5003,1695
5003,1679
5003,1886
5003,1723
5004,1679
5004,1682
5004,1684
5005,1695
5005,1717
5005,1686
5005,1887
5005,1679
5006,1679
5006,1682
5006,1888
5007,1889
5007,1679
5007,1683
5007,1741
5008,1679
5008,1682
5009,1890
5009,1729
5009,1679
5009,1891
5010,1679
5010,1892
5011,1685
5011,1681
5011,1679
5011,1682
5011,1801
5012,1695
5012,1679
5013,1699
5013,1679
5013,1822
5014,1698
5014,1679
5014,1682
5014,1893
5015,1679
5015,1682
5015,1684
5016,1679
5016,1682
5016,1683
5017,1679
5018,1679
5018,1682
5019,1894
5019,1679
5019,1691
5019,1895
5020,1685
5020,1679
5020,1682
5020,1853
5021,1679
5021,1722
5022,1742
5022,1679
5022,1683
5023,1679
5023,1803
5024,1679
5024,1682
5024,1683
5025,1699
5025,1896
5025,1679
5025,1897
5025,1682
5026,1679
5026,1684
5027,1685
5027,1681
5027,1679
5028,1770
5028,1679
5028,1691
5028,1682
5028,1898
5029,1686
5029,1679
5029,1718
5030,1686
5030,1679
5030,1899
5030,1900
5030,1901
5031,1745
5031,1813
5031,1679
5031,1902
5032,1686
5032,1679
5032,1795
5033,1813
5033,1791
5033,1679
5033,1827
5034,1728
5034,1903
5034,1679
5035,1679
5035,1684
5036,1904
5036,1681
5036,1679
5036,1801
5036,1862
5037,1905
5037,1679
5037,1772
5038,1699
5038,1697
5038,1679
5038,1842
5039,1679
5040,1679
5040,1691
5040,1876
5041,1679
5042,1679
5042,1682
5043,1697
5043,1679
5043,1682
5044,1679
5044,1906
5044,1684
5045,1679
5046,1679
5046,1907
5047,1697
5047,1679
5047,1682
5048,1679
5048,1682
5048,1684
5049,1679
5050,1679
5050,1718
5051,1679
5051,1908
5052,1679
5052,1682
5053,1695
5053,1679
5053,1682
5053,1718
5053,1779
5054,1699
5054,1697
5054,1710
5054,1679
5055,1679
5055,1682
5055,1909
5055,1910
5055,1911
5056,1679
5056,1722
5057,1695
5057,1717
5057,1679
5057,1718
5057,1779
5058,1755
5058,1679
5059,1679
5060,1679
5060,1682
5061,1697
5061,1679
5062,1679
5062,1912
5063,1699
5063,1679
5063,1682
5063,1722
5064,1679
5064,1682
5064,1868
5065,1705
5065,1679
5065,1913
5065,1914
5066,1697
5066,1679
5066,1915
5067,1697
5067,1784
5067,1679
5068,1889
5068,1679
5068,1682
5068,1741
5069,1679
5069,1682
5070,1679
5070,1916
5070,1722
5071,1679
5072,1705
5072,1679
5072,1682
5072,1840
5072,1917
5073,1679
5073,1682
5074,1686
5074,1679
5075,1705
5075,1679
5075,1918
5076,1679
5076,1682
5077,1679
5077,1718
5078,1679
5078,1718
5078,1779
5079,1679
5079,1682
5079,1735
5079,1723
5080,1695
5080,1726
5080,1679
5080,1877
5081,1728
5081,1679
5081,1919
5082,1679
5083,1679
5083,1682
5084,1679
5085,1679
5086,1679
5086,1682
5087,1679
5087,1682
5087,1684
5088,1679
5088,1682
5089,1679
5090,1679
5091,1728
5091,1920
5091,1679
5091,1682
5092,1679
5093,1679
5094,1679
5095,1679
5095,1682
5096,1705
5096,1679
5096,1840
5096,1917
5096,1684
5097,1679
5098,1679
5099,1745
5099,1679
5100,1742
5100,1679
5101,1751
5101,1679
5102,1695
5102,1679
5102,1682
5103,1695
5103,1784
5103,1679
5104,1679
5104,1921
5104,1682
5104,1922
5105,1770
5105,1679
5106,1679
5106,1682
5106,1683
5107,1890
5107,1705
5107,1679
5107,1840
5108,1679
5108,1682
5109,1679
5109,1684
5110,1679
5110,1718
5110,1684
5111,1770
5111,1679
5112,1770
5112,1685
5112,1681
5112,1679
5112,1682
5113,1685
5113,1860
5113,1679
5113,1787
5113,1683
5114,1799
5114,1679
5114,1682
5114,1684
5115,1923
5115,1685
5115,1679
5116,1686
5116,1679
5116,1763
5117,1679
5117,1682
5118,1679
5118,1754
5119,1699
5119,1825
5119,1679
5119,1691
5119,1924
5120,1699
5120,1679
5120,1822
5121,1681
5121,1679
5121,1682
5122,1679
5122,1682
5122,1683
5122,1684
5123,1721
5123,1679
5123,1910
5123,1925
5124,1679
5124,1682
5125,1745
5125,1751
5125,1697
5125,1679
5126,1679
5126,1767
5126,1682
5126,1683
5127,1685
5127,1679
5127,1683
5128,1745
5128,1770
5128,1926
5128,1679
5129,1679
5129,1927
5130,1679
5130,1928
5130,1895
5130,1687
5131,1679
5131,1682
5132,1679
5133,1765
5133,1929
5133,1679
5133,1766
5133,1930
5134,1679
5135,1679
5135,1931
5135,1932
5136,1679
5136,1682
5137,1679
5137,1682
5137,1683
5138,1695
5138,1679
5139,1679
5139,1684
5139,1842
5140,1679
5140,1682
5141,1751
5141,1679
5141,1682
5141,1774
5141,1912
5142,1679
5143,1699
5143,1721
5143,1933
5143,1679
5143,1934
5144,1679
5145,1679
5145,1682
5146,1679
5146,1682
5146,1683
5147,1695
5147,1685
5147,1679
5147,1935
5148,1679
5148,1682
5149,1679
5149,1682
5149,1761
5150,1679
5150,1936
5150,1684
5151,1679
5151,1682
5152,1679
5152,1788
5152,1724
5153,1679
5153,1682
5154,1825
5154,1685
5154,1775
5154,1679
5154,1937
5155,1699
5155,1679
5156,1699
5156,1679
5156,1722
5157,1685
5157,1679
5157,1767
5157,1682
5158,1705
5158,1679
5158,1938
5159,1679
5159,1682
5160,1679
5160,1733
5160,1767
5160,1939
5161,1679
5162,1849
5162,1679
5162,1940
5162,1850
5163,1745
5163,1699
5163,1681
5163,1679
5163,1704
5164,1679
5165,1679
5165,1909
5166,1745
5166,1770
5166,1784
5166,1679
5166,1873
5167,1679
5167,1684
5168,1679
5168,1682
5168,1683
5168,1941
5168,1741
5169,1905
5169,1679
5169,1708
5169,1942
5169,1943
5170,1679
5170,1682
5171,1679
5171,1682
5172,1679
5173,1679
5173,1691
5173,1682
5173,1684
5173,1820
5174,1699
5174,1679
5174,1722
5175,1679
5175,1682
5176,1685
5176,1679
5177,1679
5178,1699
5178,1679
5178,1682
5178,1683
5179,1699
5179,1679
5179,1793
5179,1822
5180,1679
5181,1699
5181,1721
5181,1811
5181,1944
5181,1679
5182,1945
5182,1679
5182,1682
5183,1681
5183,1679
5183,1682
5184,1679
5185,1946
5185,1679
5185,1741
5186,1679
5186,1682
5187,1717
5187,1686
5187,1747
5187,1679
5188,1742
5188,1802
5188,1679
5188,1683
5188,1741
5189,1679
5189,1682
5190,1679
5190,1682
5190,1947
5190,1948
5191,1679
5191,1682
5192,1679
5193,1699
5193,1705
5193,1679
5194,1695
5194,1686
5194,1679
5194,1774
5195,1698
5195,1679
5195,1684
5196,1699
5196,1949
5196,1679
5196,1682
5196,1683
5197,1686
5197,1679
5197,1950
5198,1699
5198,1685
5198,1679
5198,1682
5198,1722
5199,1755
5199,1679
5199,1682
5200,1679
5200,1682
5201,1679
5201,1682
5201,1951
5202,1679
5202,1772
5203,1679
5204,1679
5205,1679
5205,1952
5206,1784
5206,1679
5206,1876
5207,1695
5207,1679
5207,1763
5207,1718
5208,1699
5208,1697
5208,1953
5208,1679
5208,1722
5209,1679
5209,1722
5210,1695
5210,1717
5210,1679
5211,1679
5211,1682
5211,1683
5211,1684
5211,1869
5212,1695
5212,1679
5213,1679
5214,1699
5214,1949
5214,1679
5214,1683
5215,1679
5216,1679
5216,1682
5216,1954
5217,1679
5217,1682
5218,1679
5218,1682
5219,1679
5219,1682
5220,1728
5220,1679
5221,1685
5221,1679
5221,1899
5221,1682
5222,1695
5222,1679
5222,1682
5223,1679
5223,1682
5224,1679
5224,1743
5225,1679
5225,1682
5226,1679
5226,1682
5226,1684
5227,1717
5227,1686
5227,1679
5227,1718
5228,1679
5228,1691
5228,1687
5229,1679
5230,1679
5230,1716
5230,1684
5230,1724
5230,1912
5231,1699
5231,1825
5231,1697
5231,1679
5231,1822
5232,1695
5232,1679
5233,1679
5233,1682
5233,1701
5233,1801
5234,1679
5235,1679
5236,1679
5236,1955
5236,1684
5237,1679
5237,1682
5238,1679
5239,1679
5240,1679
5240,1682
5241,1679
5241,1766
5241,1774
5242,1686
5242,1679
5242,1718
5243,1679
5243,1682
5244,1679
5245,1679
5245,1684
5246,1705
5246,1679
5247,1728
5247,1679
5248,1681
5248,1679
5249,1697
5249,1956
5249,1679
5250,1721
5250,1697
5250,1679
5250,1957
5251,1679
5251,1684
5252,1695
5252,1686
5252,1679
5252,1718
5253,1679
5253,1682
5254,1830
5254,1770
5254,1679
5255,1695
5255,1686
5255,1679
5255,1779
5256,1679
5256,1682
5257,1679
5257,1682
5258,1742
5258,1679
5258,1741
5259,1799
5259,1773
5259,1679
5259,1682
5260,1679
5260,1682
5260,1958
5261,1679
5262,1695
5262,1679
5262,1959
5263,1960
5263,1679
5263,1682
5263,1683
5263,1684
5264,1695
5264,1961
5264,1679
5264,1962
5264,1682
5265,1681
5265,1679
5265,1682
5266,1679
5266,1682
5267,1963
5267,1679
5267,1684
5268,1679
5268,1682
5268,1964
5269,1685
5269,1681
5269,1679
5270,1699
5270,1679
5271,1679
5272,1699
5272,1770
5272,1679
5273,1780
5273,1770
5273,1679
5273,1965
5274,1966
5274,1679
5274,1682
5275,1745
5275,1751
5275,1679
5275,1967
5276,1679
5277,1679
5278,1679
5278,1682
5279,1695
5279,1709
5279,1679
5279,1968
5280,1679
5280,1691
5281,1679
5282,1679
5283,1745
5283,1679
5283,1969
5284,1695
5284,1717
5284,1679
5284,1718
5285,1742
5285,1752
5285,1970
5285,1679
5285,1684
5286,1681
5286,1679
5286,1971
5286,1748
5286,1972
5287,1679
5287,1682
5288,1679
5288,1723
5289,1728
5289,1679
5289,1682
5289,1684
5290,1685
5290,1681
5290,1679
5290,1682
5290,1973
5291,1699
5291,1679
5291,1722
5292,1745
5292,1679
5292,1935
5293,1745
5293,1751
5293,1679
5293,1793
5294,1679
5294,1682
5294,1683
5295,1681
5295,1679
5296,1679
5297,1679
5297,1682
5298,1679
5298,1757
5299,1697
5299,1679
5299,1974
5299,1722
5300,1695
5300,1717
5300,1686
5300,1679
5301,1686
5301,1679
5301,1763
5301,1975
5302,1695
5302,1717
5302,1686
5302,1679
5303,1679
5303,1682
5304,1685
5304,1976
5304,1679
5304,1682
5305,1818
5305,1697
5305,1679
5305,1710
5306,1679
5306,1857
5306,1977
5307,1679
5307,1912
5308,1679
5308,1722
5309,1812
5309,1679
5309,1978
5310,1784
5310,1679
5310,1691
5310,1979
5310,1980
5311,1799
5311,1679
5311,1682
5312,1728
5312,1679
5312,1682
5312,1981
5313,1695
5313,1717
5313,1686
5313,1880
5313,1679
5314,1679
5314,1682
5314,1788
5315,1770
5315,1679
5315,1982
5316,1679
5316,1682
5317,1983
5317,1679
5317,1682
5318,1811
5318,1816
5318,1679
5319,1728
5319,1984
5319,1679
5319,1682
5319,1684
5320,1679
5320,1682
5320,1684
5321,1679
5321,1682
5322,1679
5322,1682
5323,1679
5323,1684
5324,1679
5324,1682
5325,1681
5325,1679
5325,1682
5325,1735
5325,1684
5326,1679
5326,1985
5327,1695
5327,1764
5327,1685
5327,1679
5327,1938
5328,1721
5328,1949
5328,1986
5328,1679
5328,1722
5329,1679
5329,1682
5329,1803
5330,1681
5330,1679
5330,1682
5331,1699
5331,1830
5331,1987
5331,1679
5332,1717
5332,1747
5332,1679
5332,1763
5332,1718
5333,1717
5333,1686
5333,1747
5333,1679
5333,1718
5334,1679
5334,1988
5335,1679
5335,1682
5336,1679
5337,1679
5337,1682
5338,1695
5338,1679
5338,1935
5339,1765
5339,1679
5339,1989
5340,1745
5340,1751
5340,1728
5340,1679
5340,1990
5341,1681
5341,1679
5342,1755
5342,1679
5343,1953
5343,1679
5343,1991
5343,1722
5344,1717
5344,1686
5344,1679
5344,1762
5344,1718
5345,1679
5345,1682
5346,1717
5346,1679
5346,1763
5346,1718
5347,1992
5347,1679
5348,1695
5348,1993
5348,1679
5348,1682
5348,1994
5349,1679
5349,1682
5350,1679
5351,1679
5352,1995
5352,1679
5352,1912
5353,1679
5354,1679
5355,1996
5355,1679
5356,1697
5356,1679
5357,1695
5357,1717
5357,1679
5357,1718
5358,1679
5358,1682
5358,1683
5359,1679
5359,1682
5360,1679
5360,1682
5360,1997
5361,1770
5361,1679
5361,1682
5361,1684
5362,1679
5362,1682
5363,1717
5363,1686
5363,1998
5363,1679
5364,1679
5364,1682
5364,1722
5365,1679
5365,1682
5366,1679
5366,1682
5367,1679
5367,1682
5367,1683
5368,1679
5368,1682
5368,1999
5368,2000
5369,1681
5369,1679
5369,1682
5370,1679
5370,1682
5371,1679
5371,1682
5372,1679
5372,1682
5373,1728
5373,1679
5373,1682
5373,1684
5374,1685
5374,1681
5374,1679
5374,1909
5374,1911
5375,1699
5375,1679
5375,1822
5376,1679
5376,1682
5377,1791
5377,1679
5377,2001
5378,1679
5378,1682
5379,1685
5379,1860
5379,1679
5379,1683
5379,2002
5380,1679
5380,1682
5380,1683
5381,1679
5381,1950
5382,1686
5382,1679
5383,1679
5384,1679
5384,1682
5384,2003
5384,2004
5385,1679
5385,1757
5385,1689
5385,2005
5386,1852
5386,1728
5386,1679
5387,1679
5387,1682
5388,1770
5388,1679
5389,1818
5389,1679
5390,1679
5390,1827
5391,1890
5391,1679
5391,2006
5392,1679
5392,1682
5393,1679
5393,1682
5394,1679
5394,1682
5394,1684
5395,1679
5396,1679
5397,1699
5397,1679
5397,1957
5397,2007
5398,1679
5399,1742
5399,1852
5399,1679
5399,1682
5399,1741
5400,1818
5400,1679
5401,1679
5401,1803
5402,1679
5402,1682
5403,1679
5403,2008
5403,2009
5403,2010
5404,1728
5404,1920
5404,1679
5405,1695
5405,1717
5405,1686
5405,1679
5405,1763
5406,1697
5406,1679
5406,2011
5406,2012
5407,1681
5407,1679
5407,1682
5408,1679
5409,1685
5409,1681
5409,1679
5409,1682
5409,1684
5410,1751
5410,1679
5410,1967
5411,1679
5412,1679
5412,1682
5413,1679
5413,2013
5413,2014
5414,1755
5414,1679
5414,1682
5414,1801
5414,1683
5415,1745
5415,1679
5415,1691
5415,1687
5416,1679
5416,1682
5416,2015
5417,1679
5418,1679
5418,1682
5419,1679
5419,1682
5420,1699
5420,1697
5420,1953
5420,1679
5421,1699
5421,1949
5421,1679
5421,1682
5421,1683
5422,1679
5422,1682
5423,1679
5424,1745
5424,1679
5424,2016
5425,1770
5425,1681
5425,1679
5425,1767
5425,1683
5426,1784
5426,1679
5427,1685
5427,1681
5427,1679
5427,1682
5427,1754
5428,1679
5429,1742
5429,1852
5429,1802
5429,1679
5429,1691
5430,2017
5430,1679
5430,1899
5431,1679
5431,1682
5432,1699
5432,1705
5432,1679
5433,1679
5433,1682
5434,1679
5434,1682
5435,1679
5435,1741
5436,1679
5436,1683
5436,1741
5437,1679
5438,1679
5438,1682
5439,1679
5439,2018
5440,1679
5440,1682
5440,1873
5440,1683
5441,1679
5441,1682
5442,1784
5442,1679
5442,1682
5442,1873
5443,1751
5443,1679
5443,2019
5443,1683
5443,2020
5444,1770
5444,1679
5444,1682
5444,1684
5445,1765
5445,1686
5445,1747
5445,1679
5445,2021
5446,1929
5446,1679
5446,1684
5447,1963
5447,1679
5447,2022
5448,1679
5448,1763
5448,1829
5448,1718
5449,1751
5449,1679
5449,2019
5449,1683
5449,2020
5450,1770
5450,1685
5450,1679
5450,2023
5450,2024
5451,1679
5451,1682
5451,1793
5452,1679
5452,1912
5453,1679
5453,1682
5454,1679
5454,1682
5454,2025
5455,1679
5455,1682
5456,1679
5456,1682
5457,1721
5457,1896
5457,1679
5457,2026
5458,1679
5458,1682
5459,1695
5459,1717
5459,1686
5459,1679
5460,1686
5460,1679
5460,1763
5460,2027
5460,1718
5461,1756
5461,1679
5461,1682
5462,1679
5462,1682
5463,1679
5463,1682
5463,1909
5463,1869
5464,1695
5464,1717
5464,1679
5464,1682
5465,1699
5465,1679
5465,1682
5465,1822
5466,1745
5466,1751
5466,1679
5467,1679
5467,1682
5468,1679
5468,1682
5469,1755
5469,1679
5469,1682
5469,2028
5470,1699
5470,1685
5470,1681
5470,1679
5470,2029
5471,1679
5471,1682
5471,1803
5472,1699
5472,1679
5472,1682
5472,1683
5472,1722
5473,1679
5473,1682
5473,1853
5473,1684
5474,1679
5474,1682
5475,1679
5475,1682
5475,1684
5476,1679
5476,1682
5477,1679
5478,1679
5478,2030
5479,1679
5479,2031
5480,1699
5480,1949
5480,1679
5481,1728
5481,1679
5481,1682
5482,1679
5482,1682
5483,1679
5483,1691
5483,2032
5483,1687
5483,1820
5484,1745
5484,2033
5484,1679
5484,1682
5484,1967
5485,1679
5486,1728
5486,1920
5486,1679
5486,1684
5487,1679
5487,2034
5487,1722
5487,2035
5488,1770
5488,1920
5488,1679
5489,2036
5489,1679
5489,1767
5489,1683
5489,1724
5490,1742
5490,1679
5490,1741
5491,1679
5491,1684
5492,2037
5492,1696
5492,1679
5492,2038
5492,2039
5493,1679
5493,1682
5494,1920
5494,1679
5494,2040
5494,1965
5495,2041
5495,1679
5495,1682
5496,1679
5497,1679
5497,1682
5498,1679
5498,1682
5498,1683
5498,1684
5499,1686
5499,1679
5499,1718
5500,1679
5500,1682
5501,1679
5501,1682
5501,2042
5502,1679
5502,2043
5502,1682
5503,1681
5503,1679
5503,2044
5503,1682
5503,1735
5504,1699
5504,1679
5504,1708
5505,1775
5505,1679
5505,1682
5505,2045
5505,2046
5506,1679
5506,1682
5506,1684
5507,1742
5507,1679
5507,1741
5508,1775
5508,1983
5508,1679
5508,2047
5509,1685
5509,1679
5509,2048
5509,2049
5510,1685
5510,1679
5511,1679
5511,1682
5511,2042
5512,1784
5512,1679
5512,1682
5512,1873
5513,1679
5513,1682
5514,1679
5514,1682
5515,1764
5515,2050
5515,1679
5516,1679
5516,1722
5517,2051
5517,1697
5517,1679
5517,2028
5517,2052
5518,1905
5518,1679
5519,1742
5519,1679
5519,1682
5520,1699
5520,1679
5520,1822
5521,1717
5521,1679
5521,1718
5522,1745
5522,1813
5522,1847
5522,1679
5523,1745
5523,1679
5524,1679
5524,2053
5525,2036
5525,1679
5525,2054
5525,2055
5526,1849
5526,1679
5527,1745
5527,1751
5527,1679
5527,2056
5527,2057
5528,1679
5528,1682
5529,1679
5529,1767
5530,1679
5530,1682
5531,1679
5531,1736
5531,2030
5532,1679
5532,1682
5532,1684
5533,1679
5533,1691
5533,1682
5533,1683
5533,1687
5534,1695
5534,1679
5535,1679
5536,1695
5536,1992
5536,1700
5536,1679
5536,2058
5537,1705
5537,1679
5538,1679
5538,1682
5539,1679
5539,2059
5539,1683
5540,1679
5540,1682
5541,1686
5541,1679
5541,1718
5542,1695
5542,1679
5542,1737
5542,2060
5543,1679
5543,1959
5543,2061
5544,1679
5544,1682
5545,1679
5545,2062
5545,1754
5546,1679
5546,1682
5547,1679
5547,1682
5547,1680
5548,1679
5548,1767
5549,1679
5549,2063
5549,1682
5550,1681
5550,1860
5550,1679
5550,1682
5551,1679
5551,1682
5551,1683
5552,1679
5553,1679
5553,1682
5553,1684
5554,1679
5554,1682
5555,1679
5555,1682
5555,1741
5556,1812
5556,1679
5556,2064
5556,1912
5557,2065
5557,1679
5558,1756
5558,1679
5558,2066
5559,1679
5559,1682
5559,1684
5560,1679
5560,1682
5561,1679
5561,1682
5562,1679
5562,1682
5563,1751
5563,1698
5563,1679
5564,1679
5564,2067
5564,2068
5565,1699
5565,1679
5565,1722
5566,1945
5566,1679
5566,1682
5567,1699
5567,1679
5567,1682
5567,1722
5567,1723
5568,1679
5569,1679
5569,1691
5569,1682
5569,1820
5570,1679
5570,1682
5571,1695
5571,1784
5571,2069
5571,1679
5571,1682
5572,1679
5572,1682
5573,1695
5573,1880
5573,1679
5573,1736
5574,1695
5574,1686
5574,1880
5574,1705
5574,1679
5575,1679
5575,1682
5575,1684
5576,1681
5576,1679
5576,1682
5577,1765
5577,1679
5577,2070
5578,1699
5578,2071
5578,1679
5578,2072
5579,1679
5579,1682
5579,2073
5580,2065
5580,1679
5581,1679
5582,1679
5582,1682
5582,1684
5583,1679
5583,1691
5583,1682
5583,1820
5584,1679
5585,1679
5586,1699
5586,1679
5586,1682
5587,1775
5587,1686
5587,1679
5588,1697
5588,1679
5589,1685
5589,1679
5589,1767
5589,1683
5589,2074
5590,1685
5590,1679
5591,1685
5591,1679
5591,1767
5591,1683
5591,2074
5592,1679
5593,1679
5593,1722
5594,1679
5594,1682
5595,1679
5595,1724
5596,1679
5596,1682
5597,1679
5597,1684
5598,1679
5598,1682
5599,1679
5600,1685
5600,1679
5600,1682
5600,1683
5600,1912
5601,2075
5601,1847
5601,1679
5601,2076
5601,1774
5602,1679
5603,1679
5604,1679
5604,1683
5604,1792
5605,1679
5606,1679
5606,1682
5606,1684
0,1770
0,1679
0,1682
0,1684
1,1695
1,1705
1,1679
2,1679
2,1691
2,1798
2,1820
3,1699
3,1679
3,1722
4,1679
4,1682
4,2077
5,1699
5,1679
5,1682
5,1722
6,1679
6,1682
6,1684
7,1699
7,1679
7,1822
8,1679
8,1682
9,1681
9,1679
9,1682
10,1695
10,1717
10,1686
10,1752
10,1679
11,1679
11,2078
11,2079
11,2080
11,2081
12,1695
12,1747
12,1679
12,1763
12,1718
13,1679
14,1679
14,1691
14,1687
15,1811
15,1682
15,1792
16,1682
17,1682
18,1733
18,2082
18,1682
18,2014
19,1682
20,1682
20,1737
21,1682
21,1737
22,1682
22,1792
23,1751
23,1682
24,1890
24,1682
24,2083
24,1737
25,1756
25,1682
26,1721
26,2084
26,1681
26,1682
26,2085
27,1682
27,1737
27,1683
27,2086
28,1717
28,1686
28,1976
28,1682
28,2087
29,1682
29,2088
29,2089
30,1682
30,1888
31,1681
31,2090
31,1682
31,1888
32,2091
32,2092
32,1682
32,2093
33,1699
33,1780
33,1870
33,1682
33,2094
34,1699
34,1682
34,2083
34,1737
34,2086
35,1976
35,2095
35,1682
35,2096
36,1695
36,1682
37,1682
38,1751
38,2090
38,1682
38,2097
38,1888
39,1682
39,2042
40,1682
40,2042
41,1682
41,1954
41,1888
42,1699
42,2095
42,1682
43,1923
43,2098
43,1682
43,2099
43,2100
44,1726
44,1682
44,2101
44,2102
45,1682
46,1682
46,2042
47,1682
47,2103
48,1682
49,1682
49,1683
49,1888
49,2104
50,1695
50,1780
50,1682
51,2090
51,1682
51,1788
51,1888
52,2016
52,1682
52,2042
53,1682
54,1682
54,1683
55,1679
55,1682
56,1679
56,1682
57,1679
57,1682
57,1683
58,1679
58,1682
59,1784
59,1679
59,1682
59,1873
60,1679
60,1682
61,1742
61,1679
61,1682
62,1679
62,1682
63,1679
63,2044
63,1682
64,1679
64,1682
65,1679
65,1682
65,1952
66,1679
66,1682
67,1679
67,1682
68,1679
68,1682
69,1679
69,1682
70,1679
70,1682
71,1699
71,2105
71,1679
71,1682
72,1679
72,1682
72,2106
73,1681
73,1679
73,1682
74,1679
74,1682
75,1679
75,1682
76,1682
76,1888
77,1679
77,1682
78,1679
78,1682
78,1683
79,1679
79,1682
79,1684
79,1761
80,1679
80,1682
81,1679
81,1682
82,1679
82,1682
83,1679
83,1682
84,1679
84,1682
84,2107
85,1679
85,1682
86,1679
86,1682
87,1784
87,1679
87,2108
87,1682
88,1685
88,1679
88,1682
88,1684
89,1679
89,1682
89,1684
89,1803
90,1679
90,1682
91,1685
91,1681
91,1679
91,1682
92,1679
92,1682
93,1679
93,1682
93,1684
93,1803
94,1685
94,1679
94,1682
95,1679
95,1682
96,1799
96,1679
96,2109
96,1682
96,2000
97,1679
97,1682
98,1679
98,1682
99,1679
99,1682
100,1679
100,1682
101,1679
101,1682
102,1679
102,1682
103,1679
103,1682
104,1679
104,1682
105,1679
105,1682
106,1679
106,1682
107,1679
107,1691
107,1682
107,1687
108,1679
108,1691
108,1682
108,1806
109,1679
109,1682
110,1699
110,1976
110,2095
110,1682
110,2110
111,1679
111,1682
112,1765
112,2111
112,1682
113,1679
113,1682
113,1873
114,1679
114,1682
114,1958
114,2112
115,1679
115,1682
116,1679
116,1682
117,1699
117,1679
117,1682
117,1793
118,1679
118,2044
118,1682
118,1683
118,1735
119,1679
119,2090
119,1682
119,1683
119,1888
120,1679
120,1682
121,1679
121,1682
122,1679
122,1682
123,1679
123,1682
123,1684
124,1679
124,1682
125,1679
125,1682
126,1679
126,1682
127,1679
127,1682
128,1679
128,1682
129,1681
129,1679
129,1682
129,1801
129,1754
130,1679
130,1682
131,1679
131,1682
131,1718
132,1745
132,1679
132,1682
133,1679
133,1682
133,1683
134,1679
134,1682
135,1679
135,1682
136,1679
136,1682
136,1683
137,1679
137,1682
138,1679
138,1763
138,1682
138,1718
139,1695
139,1686
139,1682
140,1695
140,1679
140,1682
141,1679
141,1691
141,1682
141,1798
141,1687
142,1682
142,1888
143,1679
143,1682
144,1679
144,1682
145,1751
145,1685
145,1679
145,1682
145,1774
146,1685
146,1681
146,1679
146,1682
147,1679
147,1682
147,2113
148,1679
148,1691
148,1682
148,1806
148,1687
149,1679
149,1682
150,1679
150,1682
151,1679
151,1682
152,1695
152,1679
152,1682
152,2114
153,1679
153,1682
154,1699
154,1679
154,1682
154,1888
155,1679
155,1682
155,1888
156,1679
156,1682
157,1679
157,1682
157,1741
158,1699
158,1697
158,1679
158,1682
158,2115
159,1679
159,1682
160,1679
160,1682
161,1679
161,1682
161,1689
162,1679
162,1682
163,1679
163,1682
164,1679
164,1682
164,1724
165,1679
165,1682
166,1679
166,1682
167,1685
167,1679
167,1682
168,1679
168,1682
168,1683
169,1679
169,1682
169,1735
170,1679
170,1682
171,1679
171,1682
172,1679
172,1682
173,1679
173,1682
174,1679
174,1682
175,1679
175,1682
175,1683
176,1679
176,1682
177,1679
177,1682
178,1679
178,1682
179,1679
179,1682
180,1679
180,1691
180,1682
180,1820
181,1679
181,1682
181,1684
182,1679
182,1682
182,1683
183,2116
183,1679
183,1682
184,1679
184,1682
185,1679
185,1682
186,1679
186,1682
187,1679
187,1682
188,1679
188,1682
189,2117
189,1705
189,1679
189,1682
190,1679
190,1682
191,1679
191,1682
191,1683
191,1761
192,1679
192,1682
193,1679
193,1682
194,1679
194,1682
195,1695
195,1679
195,2118
195,1682
195,1718
196,1784
196,1679
196,1682
196,1826
197,1679
197,1682
197,1684
198,1889
198,1679
198,1682
198,2119
199,1679
199,1682
200,1695
200,1679
200,1682
201,1679
201,1682
202,1679
202,1682
203,1679
203,1682
204,1679
204,1682
205,1679
205,1682
206,1688
206,1681
206,1679
206,1682
206,1801
207,1945
207,1679
207,1682
207,1684
208,1679
208,1682
209,1679
209,1682
210,1679
210,1682
211,1679
211,1682
211,1684
212,1679
212,1682
213,1679
213,1682
214,1681
214,1679
214,1682
215,1679
215,1682
215,2120
216,1679
216,1682
217,1679
217,1682
218,1679
218,1682
219,1679
219,1682
220,1679
220,1682
221,1679
221,1691
221,1682
221,1683
221,1820
222,1679
222,1682
223,2117
223,1679
223,1682
224,1679
224,1682
225,1770
225,1679
225,1682
226,1679
226,1682
227,1679
227,1682
227,1683
228,1679
228,1682
228,1683
229,1679
229,1682
230,1751
230,1679
230,1682
231,1679
231,1682
231,2025
232,1679
232,1682
233,1679
233,1682
234,1679
234,1682
234,1684
235,1996
235,1682
235,1683
235,2121
235,2122
236,1679
236,1682
237,2123
237,1682
238,1679
238,1682
238,1683
239,1679
239,1682
240,1679
240,1682
241,1679
241,1682
242,1679
242,1682
242,1724
243,1679
243,1682
244,1679
244,1682
244,1787
244,2124
245,1679
245,1682
245,1754
246,1679
246,1682
246,1684
247,1679
247,2044
247,1682
248,1679
248,1682
249,1679
249,1682
250,1679
250,1682
251,1679
251,1682
252,1679
252,1682
252,1683
252,1723
253,1679
253,1682
254,1679
254,1682
254,1683
255,1747
255,1679
255,1682
255,1718
256,1679
256,1682
257,1679
257,1682
258,1679
258,1682
259,1679
259,1682
260,1679
260,1682
261,1685
261,1679
261,1682
261,1683
261,2025
262,1746
262,1679
262,1682
263,1679
263,1682
264,1679
264,1682
265,1679
265,1682
265,1888
266,1679
266,1682
267,1679
267,1682
268,1679
268,1682
269,2065
269,1679
269,1682
270,1679
270,1682
271,1679
271,1682
272,1679
272,1682
273,1685
273,1679
273,1682
273,1683
273,2025
274,1679
274,2044
274,1682
274,1888
275,1679
275,1682
275,1684
275,1723
276,1679
276,1682
277,1679
277,1682
278,1681
278,1679
278,1682
278,1683
279,1679
279,1682
279,1683
280,1679
280,1682
281,1685
281,1679
281,1682
281,1683
282,1681
282,1679
282,2125
282,1682
283,1679
283,1682
284,1679
284,1682
284,2025
285,1685
285,1681
285,1679
285,1682
286,1679
286,1864
286,1682
287,1679
287,1682
288,1679
288,1682
289,1685
289,1681
289,1679
289,1682
290,1679
290,1682
290,1774
291,1679
291,1682
291,1888
292,1679
292,1682
293,1679
293,1682
293,1684
294,1679
294,1682
295,1852
295,1679
295,1682
296,1728
296,1920
296,1679
296,1682
296,2126
297,1679
297,1682
298,1699
298,1679
298,1682
299,1681
299,1679
299,1682
299,1977
300,1679
300,1682
301,1699
301,1721
301,1679
301,1682
302,1679
302,1682
303,1679
303,1682
303,2127
304,1685
304,1679
304,1682
305,1685
305,1681
305,1679
305,1682
306,1679
306,1682
306,1684
306,1723
307,1679
307,1682
308,1681
308,1682
308,1683
308,1888
309,1679
309,1682
309,2128
310,1682
310,1888
311,1679
311,1682
311,1683
312,1679
312,1682
312,1683
313,1699
313,1679
313,1682
314,1679
314,1682
314,1684
315,1679
315,1682
316,1679
316,1682
317,1679
317,1682
317,1774
318,1679
318,1682
319,1679
319,1682
320,1679
320,1682
321,1699
321,1681
321,1679
321,1682
321,1683
322,1679
322,1682
322,1888
323,1745
323,1751
323,2036
323,1679
323,1682
324,1679
324,1682
325,1751
325,1685
325,1679
325,2090
325,1682
326,1679
326,1682
327,1679
327,1682
328,1679
328,2090
328,1682
328,2129
328,1888
329,1770
329,1679
329,1682
330,1679
330,1682
331,1679
331,1682
332,1679
332,1682
332,1888
333,1681
333,1679
333,1682
333,1754
333,2130
334,1679
334,1682
334,1878
335,1679
335,1682
336,1679
336,1682
337,1679
337,1682
338,1695
338,1679
338,1682
339,1679
339,1682
340,1751
340,1679
340,1682
341,1679
341,1691
341,1682
342,1679
342,1682
342,1684
343,2131
343,1679
343,1682
343,1796
343,1741
344,1679
344,1682
345,1679
345,1682
345,1718
346,1679
346,1682
347,1679
347,1682
348,1679
348,1682
349,1679
349,1682
349,1684
350,1679
350,1682
351,1751
351,1679
351,1682
352,1699
352,1679
352,1690
352,1682
352,2132
353,1679
353,1682
354,1679
354,1682
355,1679
355,1682
355,1683
355,1704
356,1679
356,1682
357,1751
357,1679
357,1682
358,1679
358,1682
359,1679
359,1682
359,1684
360,1679
360,1682
361,1679
361,1682
362,1679
362,1682
363,1679
363,1682
364,1679
364,1682
364,1684
365,1679
365,1682
365,1842
366,1679
366,1682
367,1679
367,1682
367,1684
368,1679
368,1682
369,1679
369,1682
370,1679
370,1682
370,1684
371,1770
371,1681
371,1679
371,2059
371,1682
372,1679
372,1682
373,1679
373,1682
374,1679
374,1682
374,1788
375,2117
375,1679
375,1682
376,1679
376,1682
377,1679
377,1682
378,1679
378,1682
378,1683
379,1679
379,1682
379,1684
380,1679
380,1682
380,1683
381,1695
381,1896
381,2133
381,1679
381,1682
382,1679
382,1682
383,1679
383,1682
383,1684
384,1679
384,1682
385,1679
385,1682
386,1679
386,1682
386,1684
387,1679
387,1682
388,1679
388,1682
389,1679
389,1682
390,1679
390,1682
391,1679
391,1682
392,1679
392,1682
392,1684
393,1679
393,1682
394,1679
394,1682
395,1679
395,1682
395,1684
396,1679
396,1682
397,1679
397,1682
397,1684
398,1679
398,1682
398,2134
399,1679
399,1682
400,1679
400,1682
401,1679
401,1682
402,1679
402,1682
402,1684
403,1679
403,1682
404,1679
404,1682
405,1699
405,1721
405,1679
405,1682
405,1722
406,1679
406,1682
407,1679
407,1682
408,1679
408,1682
409,1679
409,1682
410,1679
410,1682
411,1679
411,1682
412,1695
412,1679
412,1762
412,1682
413,1679
413,1682
414,1679
414,1682
415,1679
415,1682
416,1695
416,1742
416,1770
416,1679
416,1682
417,1745
417,1679
417,1682
418,1679
418,1682
419,1679
419,1682
419,1862
420,1784
420,1679
420,1682
421,1679
421,1682
422,1679
422,1682
423,1679
423,1682
424,1679
424,1682
425,1983
425,1679
425,1682
426,1679
426,1763
426,1682
426,1718
427,1679
427,1682
428,1685
428,1679
428,1682
428,1683
429,1679
429,1682
430,1679
430,1682
431,1679
431,1682
432,1695
432,1976
432,1682
432,2096
432,2135
433,1728
433,1679
433,1682
434,1679
434,1682
434,1801
435,1679
435,1682
436,1679
436,1682
436,1683
436,1761
437,1679
437,1682
438,1679
438,1682
439,1679
439,1682
439,1754
440,1679
440,1682
441,1755
441,1679
441,1682
442,1679
442,1682
443,1679
443,1682
444,2105
444,1679
444,1682
445,1945
445,1679
445,1682
446,2090
446,1682
446,1888
447,1679
447,1682
447,1999
447,1684
448,1679
448,1682
448,1683
448,1723
449,1679
449,1682
450,1679
450,1682
451,1745
451,1751
451,1679
451,1682
452,1679
452,1682
453,1679
453,1682
453,2077
454,1699
454,2136
454,2095
454,1682
454,2137
455,1679
455,1682
456,1679
456,1682
457,1679
457,1682
458,1679
458,1682
459,1679
459,1682
460,1945
460,1679
460,1682
461,1679
461,1682
462,2090
462,1682
462,1888
463,1695
463,1679
463,1763
463,1682
464,1746
464,1679
464,1682
465,1679
465,1682
466,1679
466,1682
467,1679
467,1682
467,1684
468,1695
468,2090
468,1682
468,1888
468,2138
469,1679
469,1682
469,1683
469,1684
469,1761
470,1679
470,1682
471,1679
471,1682
471,1683
471,1684
471,1720
472,1679
472,1682
473,1679
473,1682
474,1679
474,1682
475,1679
475,1682
476,1679
476,1682
477,1679
477,1682
477,1735
478,1679
478,1682
479,1679
479,1682
480,1904
480,1679
480,1682
481,1679
481,1682
482,1679
482,1682
483,2090
483,1682
483,2139
483,1683
484,1679
484,1682
485,1679
485,1682
486,1746
486,1679
486,1682
486,2140
487,1824
487,1679
487,1682
487,1684
488,1679
488,1682
488,2141
488,1801
488,1743
489,1679
489,1682
490,1679
490,1682
491,1679
491,1763
491,1682
492,1745
492,1751
492,1679
492,1682
493,1679
493,1682
494,1695
494,2090
494,1682
494,1888
495,1679
495,1682
495,1683
495,1723
496,1679
496,1682
496,1684
497,1679
497,1682
497,2106
498,1681
498,1679
498,1682
499,1679
499,1682
500,1679
500,1682
501,1679
501,2142
501,1682
502,1681
502,1682
502,2143
503,1679
503,1682
503,1820
504,1699
504,1679
504,1682
505,1679
505,1682
505,1772
505,1723
506,1682
506,1888
507,1679
507,1682
507,1878
508,1679
508,1682
509,1679
509,1682
509,1878
510,1679
510,1682
510,1684
510,2106
511,2144
511,1812
511,2145
511,1682
511,2100
512,1679
512,1682
513,1728
513,1679
513,1682
514,1679
514,1682
515,1679
515,1682
515,1684
516,1681
516,1679
516,1682
517,1685
517,1679
517,1767
517,1682
518,1679
518,1682
519,1679
519,1682
520,1679
520,1682
521,1679
521,1682
522,1679
522,1682
523,1679
523,1682
524,1679
524,1682
525,1679
525,1682
526,2146
526,1682
526,2147
527,1679
527,1682
528,1679
528,1682
529,1717
529,1791
529,1679
529,1682
530,1679
530,1682
530,2015
531,1679
531,1682
531,1718
532,1679
532,1682
533,1679
533,1682
534,1679
534,1682
534,2148
535,1679
535,1682
536,1679
536,1682
537,1679
537,1682
538,1679
538,1682
538,1718
539,1679
539,1682
539,2106
540,1679
540,1682
541,1679
541,1682
542,1679
542,1682
543,1679
543,1682
544,1679
544,1682
545,1742
545,1802
545,1679
545,1682
545,1741
546,1679
546,1682
547,1679
547,1682
548,1682
548,2042
549,1679
549,1691
549,1682
549,2106
550,1679
550,1682
551,1679
551,1682
552,1755
552,1679
552,2149
552,2150
552,1682
553,1679
553,1682
553,1724
554,1679
554,1682
554,1684
554,2106
555,1679
555,1682
556,1679
556,2059
556,1682
557,1728
557,1681
557,1679
557,1682
557,2106
558,1679
558,2044
558,1682
559,1679
559,1682
560,1745
560,1679
560,1682
560,1774
561,1682
561,2130
561,1888
562,1679
562,1682
563,1679
563,1682
563,2151
564,1679
564,1682
565,1679
565,1682
566,1679
566,1682
567,1679
567,1682
568,1679
568,1682
569,1799
569,1679
569,1682
569,1851
569,2152
570,1679
570,1682
571,1679
571,1682
572,1679
572,1682
573,1679
573,1682
574,1679
574,1682
575,1679
575,1682
575,1684
576,1679
576,1691
576,1682
577,1679
577,1682
577,1684
578,1679
578,1682
579,1679
579,1682
580,1679
580,1682
581,1679
581,1682
581,1683
582,1682
583,1679
583,1682
583,1801
584,1679
584,1682
585,1685
585,1681
585,1679
585,1682
586,1679
586,1682
587,1679
587,1864
587,1682
587,1979
587,1684
588,1679
588,1682
589,1679
589,1682
590,1728
590,1679
590,1682
591,1679
591,1682
591,1684
592,1679
592,1682
593,1679
593,1682
593,1684
594,1679
594,1682
595,1679
595,1682
596,1784
596,1682
596,2153
596,1888
597,1679
597,1682
598,1679
598,1682
598,1684
599,1679
599,1929
599,2154
599,1682
600,1904
600,1679
600,1682
601,1742
601,1682
601,1741
602,1679
602,1682
603,1679
603,1682
603,1684
4622,1679
4622,1680
4623,1681
4623,1679
4623,1682
4623,1683
4623,1684
4624,1685
4624,1679
4624,1682
4625,1686
4625,1679
4625,1687
4626,1679
4626,1682
4627,1679
4627,1682
4628,1679
4629,1688
4629,1679
4629,1689
4630,1679
4630,1690
4630,1682
4631,1679
4631,1691
4631,1687
4632,1692
4632,1693
4632,1679
4632,1694
4633,1695
4633,1696
4633,1679
4634,1695
4634,1697
4634,1698
4634,1679
4635,1679
4635,1682
4636,1695
4636,1681
4636,1679
4636,1682
4637,1699
4637,1700
4637,1681
4637,1679
4638,1679
4638,1682
4638,1701
4639,1699
4639,1679
4639,1682
4640,1679
4641,1699
4641,1702
4641,1679
4642,1679
4642,1682
4643,1699
4643,1703
4643,1679
4643,1704
4644,1679
4644,1682
4645,1705
4645,1706
4645,1679
4645,1707
4646,1679
4646,1682
4647,1679
4647,1708
4648,1709
4648,1697
4648,1710
4648,1679
4649,1679
4649,1682
4649,1683
4650,1679
4650,1684
4651,1679
4652,1679
4652,1682
4653,1679
4653,1682
4654,1711
4654,1712
4654,1679
4654,1713
4655,1679
4656,1679
4656,1682
4657,1679
4657,1691
4657,1687
4658,1679
4658,1682
4659,1699
4659,1679
4659,1714
4659,1715
4659,1716
4660,1695
4660,1717
4660,1679
4660,1682
4661,1695
4661,1686
4661,1679
4662,1679
4663,1695
4663,1717
4663,1679
4663,1718
4663,1719
4664,1679
4664,1682
4665,1679
4665,1720
4666,1679
4666,1682
4667,1699
4667,1679
4668,1721
4668,1679
4668,1722
4668,1723
4669,1679
4669,1682
4669,1724
4670,1679
4670,1682
4671,1679
4672,1679
4672,1725
4673,1679
4673,1682
4674,1726
4674,1679
4674,1682
4674,1684
4675,1695
4675,1679
4675,1727
4676,1679
4676,1682
4677,1679
4677,1682
4678,1679
4678,1682
4679,1679
4679,1682
4680,1679
4680,1682
4680,1684
4681,1711
4681,1679
4682,1679
4682,1682
4683,1679
4683,1718
4684,1679
4684,1682
4685,1679
4685,1682
4686,1679
4686,1690
4686,1682
4686,1684
4687,1728
4687,1679
4688,1729
4688,1679
4688,1730
4688,1731
4689,1679
4689,1682
4690,1679
4690,1682
4691,1679
4691,1682
4691,1683
4692,1679
4692,1682
4693,1679
4693,1682
4694,1679
4695,1679
4695,1682
4696,1679
4696,1682
4697,1732
4697,1679
4697,1733
4697,1734
4698,1679
4698,1682
4699,1679
4699,1682
4699,1735
4700,1679
4700,1736
4701,1711
4701,1679
4702,1679
4702,1682
4702,1737
4703,1679
4703,1683
4704,1738
4704,1679
4704,1739
4704,1684
4705,1679
4705,1740
4706,1679
4706,1682
4707,1681
4707,1679
4707,1683
4708,1679
4708,1682
4709,1695
4709,1679
4709,1718
4710,1700
4710,1679
4710,1741
4711,1742
4711,1679
4711,1682
4712,1679
4712,1736
4713,1679
4713,1682
4714,1679
4714,1682
4715,1679
4715,1690
4715,1684
4716,1679
4716,1743
4716,1744
4717,1745
4717,1679
4717,1682
4718,1679
4719,1746
4719,1679
4719,1682
4720,1717
4720,1747
4720,1679
4720,1718
4721,1679
4721,1682
4721,1748
4722,1679
4722,1749
4723,1679
4723,1682
4724,1679
4724,1682
4725,1679
4725,1683
4726,1679
4726,1750
4727,1679
4727,1718
4728,1751
4728,1697
4728,1752
4728,1753
4728,1679
4729,1679
4729,1682
4730,1699
4730,1679
4730,1682
4730,1722
4731,1697
4731,1710
4731,1679
4732,1679
4732,1684
4733,1679
4733,1682
4733,1718
4733,1684
4734,1679
4734,1682
4734,1684
4735,1695
4735,1679
4735,1682
4736,1699
4736,1679
4736,1722
4737,1679
4737,1682
4737,1754
4737,1684
4738,1755
4738,1679
4738,1682
4738,1741
4739,1679
4740,1688
4740,1756
4740,1679
4740,1757
4740,1689
4741,1679
4741,1758
4741,1759
4741,1760
4742,1679
4742,1682
4742,1761
4743,1679
4743,1682
4744,1679
4744,1762
4744,1763
4745,1695
4745,1764
4745,1685
4745,1679
4746,1681
4746,1679
4746,1682
4747,1679
4748,1765
4748,1679
4748,1766
4749,1679
4749,1767
4749,1682
4750,1679
4750,1768
4750,1769
4751,1679
4752,1679
4753,1679
4753,1682
4754,1770
4754,1679
4754,1682
4754,1683
4754,1684
4755,1679
4755,1682
4756,1679
4756,1691
4756,1771
4757,1679
4757,1682
4758,1679
4758,1682
4759,1679
4759,1772
4760,1773
4760,1679
4760,1735
4761,1699
4761,1679
4761,1722
4761,1774
4762,1775
4762,1679
4762,1683
4762,1776
4763,1679
4763,1718
4764,1679
4764,1682
4764,1754
4764,1777
4764,1778
4765,1679
4766,1679
4766,1682
4767,1679
4767,1682
4767,1683
4768,1679
4769,1679
4769,1682
4770,1679
4771,1679
4771,1718
4771,1741
4771,1779
4772,1780
4772,1679
4772,1682
4773,1745
4773,1751
4773,1753
4773,1679
4773,1781
4774,1679
4774,1682
4775,1679
4775,1682
4775,1683
4776,1679
4776,1682
4777,1679
4777,1682
4777,1782
4778,1679
4778,1682
4779,1679
4779,1682
4779,1684
4780,1695
4780,1686
4780,1679
4780,1718
4781,1679
4781,1683
4781,1684
4782,1699
4782,1770
4782,1679
4783,1695
4783,1679
4783,1783
4784,1679
4785,1699
4785,1784
4785,1679
4785,1754
4785,1722
4786,1785
4786,1679
4787,1679
4787,1682
4788,1679
4788,1691
4788,1682
4789,1679
4790,1679
4790,1786
4790,1787
4790,1683
4791,1679
4791,1682
4791,1788
4792,1679
4792,1682
4793,1679
4793,1682
4793,1774
4794,1679
4795,1679
4795,1789
4795,1790
4796,1679
4797,1751
4797,1679
4797,1774
4798,1695
4798,1770
4798,1686
4798,1791
4798,1679
4799,1679
4800,1679
4800,1682
4801,1686
4801,1679
4801,1763
4801,1718
4802,1679
4803,1695
4803,1679
4804,1751
4804,1679
4804,1682
4804,1792
4804,1793
4805,1679
4805,1794
4805,1795
4806,1679
4806,1796
4807,1679
4808,1797
4808,1679
4808,1682
4809,1679
4809,1682
4810,1679
4811,1679
4811,1682
4812,1681
4812,1679
4812,1754
4812,1735
4813,1679
4814,1679
4815,1679
4815,1682
4816,1679
4816,1754
4817,1681
4817,1679
4817,1682
4818,1679
4818,1682
4819,1679
4819,1682
4820,1679
4820,1682
4821,1679
4821,1779
4822,1688
4822,1679
4822,1689
4823,1679
4823,1682
4824,1679
4824,1691
4824,1682
4824,1798
4824,1687
4825,1679
4825,1682
4826,1698
4826,1679
4827,1679
4828,1699
4828,1679
4828,1722
4829,1799
4829,1679
4829,1767
4829,1682
4829,1800
4830,1679
4830,1682
4830,1801
4830,1704
4831,1802
4831,1679
4832,1695
4832,1717
4832,1686
4832,1679
4832,1683
4833,1679
4833,1682
4834,1679
4835,1699
4835,1679
4835,1682
4836,1679
4836,1682
4837,1679
4837,1684
4837,1803
4838,1679
4839,1679
4839,1684
4840,1765
4840,1681
4840,1679
4840,1804
4841,1679
4841,1805
4842,1699
4842,1679
4842,1684
4842,1724
4842,1723
4843,1679
4844,1695
4844,1679
4844,1682
4844,1718
4845,1745
4845,1679
4845,1691
4845,1806
4846,1679
4846,1682
4846,1683
4847,1679
4847,1682
4847,1807
4847,1808
4848,1679
4848,1682
4848,1683
4848,1803
4849,1699
4849,1679
4849,1809
4849,1810
4850,1679
4850,1682
4850,1801
4850,1704
4851,1751
4851,1679
4852,1679
4852,1682
4853,1695
4853,1811
4853,1812
4853,1679
4853,1682
4854,1679
4854,1683
4855,1745
4855,1813
4855,1679
4855,1683
4856,1679
4856,1722
4856,1704
4857,1814
4857,1679
4857,1815
4858,1679
4858,1736
4859,1679
4859,1682
4860,1811
4860,1816
4860,1679
4860,1817
4861,1679
4861,1682
4862,1742
4862,1679
4862,1803
4863,1818
4863,1819
4863,1679
4863,1691
4863,1820
4864,1679
4864,1682
4865,1751
4865,1753
4865,1679
4865,1682
4865,1821
4866,1699
4866,1679
4866,1682
4866,1822
4867,1679
4867,1682
4867,1683
4867,1704
4868,1679
4868,1682
4868,1683
4868,1704
4869,1818
4869,1679
4869,1691
4869,1806
4870,1780
4870,1823
4870,1824
4870,1679
4870,1682
4871,1679
4872,1679
4872,1736
4873,1699
4873,1825
4873,1679
4873,1682
4874,1679
4874,1684
4874,1723
4875,1679
4875,1683
4875,1826
4876,1679
4877,1679
4877,1682
4878,1717
4878,1686
4878,1679
4878,1763
4878,1718
4879,1679
4880,1679
4881,1679
4881,1682
4881,1683
4882,1679
4882,1682
4883,1679
4883,1803
4884,1679
4884,1827
4885,1679
4885,1779
